Platform,Category,CoreValueProposition,PricingSignal,StrongestCapabilities,Weaknesses,OyeWhitespace,Source
Adobe GenStudio,Enterprise creative ops,On-brand enterprise content supply chain at scale,Enterprise/contact sales,Content scaling; approvals; enterprise creative workflows,Not a full client/commercial operating system,Unify creative with approvals commercial governance and execution,https://business.adobe.com/products/genstudio.html
Adobe Experience Cloud,Enterprise experience suite,Large enterprise digital experience stack,Enterprise/contact sales,Deep enterprise breadth,High complexity and implementation burden,Simpler AI-first operator experience,https://business.adobe.com/products.html
HubSpot Marketing Hub,CRM-led marketing automation,All-in-one inbound and marketing automation,Public tiered pricing,CRM + automation + inbound + reporting,Less differentiated in creative governance and cross-channel execution,Add strong creative/approval/commercial control layer,https://www.hubspot.com/pricing/marketing
Salesforce Marketing Cloud,Enterprise marketing platform,Enterprise journeys engagement and marketing operations,Public starting pricing + contact sales,Scale enterprise journeys and data operations,Heavy and costly for many customers,Faster deployment and simpler operations,https://www.salesforce.com/marketing/pricing/
Sprinklr Social,Enterprise social operations,AI-powered social management at enterprise scale,Demo-led enterprise sale,Social publishing listening and governance,Dense UX and not a unified growth OS,Simpler command center plus commercial and strategy layer,https://www.sprinklr.com/products/social-media-management/
Hootsuite,Social scheduling,Social planning scheduling and analytics,Public plan pricing,Social scheduling and team workflows,Narrower strategy/commercial stack,Tie social execution to strategy budget and client approvals,https://www.hootsuite.com/plans?srsltid=AfmBOorNs5Mb5-dKcy5OSkYGDzah30RSHJ_fMrVNitD48npQn_Ayc-RC
Semrush,Search intelligence,SEO and AI-search visibility intelligence,Public pricing,Keyword intelligence competitor research audit workflows,Not a unified execution and commercial platform,Operationalize search insights into governed actions,https://www.semrush.com/pricing/seo-ai-search/
Ahrefs,Search intelligence,Large-scale search and marketing data platform,Public pricing,Search data and backlink intelligence,Weak workflow commercial and approval layer,Combine intelligence with workflow and execution,https://ahrefs.com/pricing
Canva Enterprise,Design platform,Accessible collaborative design for large teams,Enterprise quote,Fast design workflows brand kits,Not a complete marketing operating system,Embed brand-safe design in end-to-end growth workflows,https://www.canva.com/enterprise/
Jasper,AI marketing generation,AI agents and marketing content generation,Public pricing,Copy and marketing AI workflows,Content-centric not full channel/commercial OS,Route AI into approvals strategy and execution surfaces,https://www.jasper.ai/pricing
AdCreative.ai,Ad creative generation,Generate ad creatives and copy for paid performance,Trial/plan-led,Ad-focused creative generation,Narrow ad-creative focus,Unify with campaign governance and performance ops,https://www.adcreative.ai/
Madgicx,Meta ads optimisation,Agentic Meta ad optimisation,Public pricing,Meta-focused optimisation,Channel narrow,Cross-channel optimisation with stronger controls,https://madgicx.com/pricing
GoHighLevel,Agency funnel/CRM,Agency CRM funnels automation and client management,Public pricing,Agency-oriented funnels CRM automation,Less enterprise governance and weaker unified analytics,Enterprise-ready growth OS for agencies and brands,https://www.gohighlevel.com/pricing
Klaviyo,B2C CRM / lifecycle,Email and SMS for B2C commerce,Public pricing,Commerce lifecycle email and SMS,Not a full paid/social/SEO/creative OS,Unify retention with acquisition and governance,https://www.klaviyo.com/pricing
Mailchimp,Email marketing,Audience and campaign management,Public pricing,Email campaigns audiences integrations,Lighter on governance and wider growth ops,Integrate lifecycle with full growth system,https://mailchimp.com/pricing/marketing/
Shopify,Commerce platform,Commerce platform and app ecosystem,Platform pricing + apps,Commerce admin and ecosystem,Native marketing tooling is fragmented,Provide commerce-aware growth operating layer,https://shopify.dev/docs/api/admin-rest
Zoho Marketing Plus,Unified marketing suite,Affordable multi-tool marketing suite,Public pricing,Cost-effective multi-module bundle,Less differentiated AI-first strategic layer,Premium AI-native governed operator layer,https://www.zoho.com/marketingplus/pricing.html
monday.com,Work management,Flexible work operating platform,Public per-seat pricing,Task workflow views automations,Not marketing-native,Embed real marketing workflow state rather than generic PM,https://monday.com/pricing
ClickUp,Work management,Task and work management with AI,Public per-user pricing,Flexible team operations,Not growth-system native,Merge tasking with campaign and approval truth,https://clickup.com/pricing
Leegality,India legal ops,India-first eSign and eStamp workflows,Public basic pricing,India signing and stamping workflows,Narrow product layer,Embed compliant legal ops into growth platform lifecycle,https://www.leegality.com/pricing
DocuSign,Global eSignature,Global agreement workflows and enterprise signing,Self-serve + enterprise upgrade,Global agreement workflows,Not India-specific eSign-first,Use for global enterprise and pair with India-native signing flow,https://ecom.docusign.com/plans-and-pricing/esignature